{
  "train_loss": [
    0.04918608441948891,
    0.006755556911230087,
    0.0031650029122829437,
    0.0020104036666452885,
    0.0016115806065499783,
    0.0014101312262937427,
    0.0013454739237204194,
    0.0013130524894222617,
    0.0012155391741544008,
    0.0012132992269471288,
    0.0011191755766049027,
    0.0011082540731877089,
    0.0011320814955979586,
    0.001051242114044726,
    0.0008080945117399096,
    0.0008111980860121548,
    0.0007929203566163778,
    0.00081983907148242,
    0.0007786020869389176,
    0.0008030639146454632,
    0.0007633616914972663,
    0.0007801117608323693,
    0.0007817352307029068,
    0.0007510276627726853,
    0.000751747633330524,
    0.0006322581321001053,
    0.0006519848830066621,
    0.0006360816769301891,
    0.0006277639768086374,
    0.0006099423626437783,
    0.0006061902968212962,
    0.0006352094933390617,
    0.0006343557615764439,
    0.0006166879902593791,
    0.0005842241225764155,
    0.0005535456584766507,
    0.0005549697671085596,
    0.0005579094868153334,
    0.0005284335347823799,
    0.0005278964526951313,
    0.0005504002328962088,
    0.0005349807324819267,
    0.0005404088879004121,
    0.0005414917832240462,
    0.0005054653738625348,
    0.0004959926009178162,
    0.0005234822747297585,
    0.0005343370721675456,
    0.0005117967957630754,
    0.0005052508204244077,
    0.0005014789057895541,
    0.0004994094488210976,
    0.0004989318549633026,
    0.0005020208191126585,
    0.0005071344203315675,
    0.0004862622881773859,
    0.00048318729386664927,
    0.0004927281988784671,
    0.0005026190192438662,
    0.00047426141100004315,
    0.0004882090142928064,
    0.0004909736453555524,
    0.0004805046773981303,
    0.0005002063699066639,
    0.0004890412092208862,
    0.0004794950073119253,
    0.0004791254468727857,
    0.000480885268189013,
    0.00045622611651197076,
    0.0004896995960734785,
    0.00044855722808279097,
    0.000480695569422096,
    0.000461680960142985,
    0.00045289722038432956,
    0.00047424263902939856,
    0.00048110296484082937,
    0.0004673217481467873,
    0.00048494531074538827,
    0.0004694845119956881,
    0.0004569879383780062,
    0.00046690989984199405,
    0.0004705256433226168,
    0.00046756715164519846,
    0.0004755816771648824,
    0.0004767536884173751,
    0.0004598242521751672,
    0.00048781721852719784
  ],
  "val_loss": [
    0.004391540307551622,
    0.0023579085245728493,
    0.0006582442438229918,
    0.00035471527371555567,
    0.0003391280770301819,
    0.000437535549281165,
    0.00031094340374693274,
    0.0003693537146318704,
    0.002349113579839468,
    0.001792349386960268,
    0.0007255855016410351,
    0.00044729531509801745,
    0.0010458513861522079,
    0.0025068253744393587,
    0.0002070245100185275,
    0.00025311505305580795,
    0.00026679676375351846,
    0.00034428868093527853,
    0.0007599481614306569,
    0.00026312534464523196,
    0.00019638602680061013,
    0.00020355923334136605,
    0.00020091593614779413,
    0.0012150797992944717,
    0.0003604008234106004,
    0.0004921482177451253,
    0.00042387295980006456,
    0.0003452225646469742,
    0.00031308940378949046,
    0.00031118420884013176,
    0.0005044432473368943,
    0.0005704668001271784,
    0.0002438450901536271,
    0.00037744856672361493,
    0.0005915319197811186,
    0.00028153182938694954,
    0.00019371320377103984,
    0.00027066399343311787,
    0.00023780400806572288,
    0.00019562599482014775,
    0.00025816785637289286,
    0.00019077402248512954,
    0.00020661481539718807,
    0.00018109545635525137,
    0.0001906953111756593,
    0.00017797954205889255,
    0.0001798602897906676,
    0.00018600840121507645,
    0.00019572982273530215,
    0.0002035873185377568,
    0.0001705883623799309,
    0.00018552207620814443,
    0.00017984247824642807,
    0.00019431169494055212,
    0.00017802786896936595,
    0.00018397203530184925,
    0.00018192821880802512,
    0.00018975681450683624,
    0.00018067032215185463,
    0.00018402827845420688,
    0.0001887520047603175,
    0.00018338707741349936,
    0.00019348591740708798,
    0.00020457453501876444,
    0.00018895954417530447,
    0.00016531617438886315,
    0.00016385031631216407,
    0.00016726645117159933,
    0.00017001618107315153,
    0.0001667779142735526,
    0.00016477942699566483,
    0.00016707794566173106,
    0.00016602523101028055,
    0.0001656187669141218,
    0.00017116127128247172,
    0.00017072381160687655,
    0.00017138055409304798,
    0.00017126076272688806,
    0.00017065726569853723,
    0.00017097395902965218,
    0.00016604199481662363,
    0.00016562182281631976,
    0.00016516514006070793,
    0.00016652699559926987,
    0.00016584049444645643,
    0.0001672053913353011,
    0.0001659790432313457
  ],
  "train_mae": [
    0.2155040204524994,
    0.08715358376502991,
    0.058503519743680954,
    0.04569583758711815,
    0.04071841016411781,
    0.03851844742894173,
    0.03740769997239113,
    0.0368318147957325,
    0.035298530012369156,
    0.035618267953395844,
    0.03382236883044243,
    0.03319227322936058,
    0.03358636423945427,
    0.03252681717276573,
    0.02716023474931717,
    0.027235429733991623,
    0.027385283261537552,
    0.028069034218788147,
    0.027299687266349792,
    0.02693205326795578,
    0.02648467943072319,
    0.027042504400014877,
    0.027347305789589882,
    0.026311028748750687,
    0.02617478556931019,
    0.024275898933410645,
    0.02421637438237667,
    0.023838002234697342,
    0.023793013766407967,
    0.02373284101486206,
    0.02345128357410431,
    0.023537980392575264,
    0.023764554411172867,
    0.023660961538553238,
    0.023284245282411575,
    0.022206280380487442,
    0.022153208032250404,
    0.022135289385914803,
    0.021940503269433975,
    0.021717948839068413,
    0.02188728004693985,
    0.021596068516373634,
    0.021760381758213043,
    0.021608835086226463,
    0.021356912329792976,
    0.02086237072944641,
    0.021193010732531548,
    0.02117893286049366,
    0.021263467147946358,
    0.021087590605020523,
    0.021083008497953415,
    0.02108452469110489,
    0.020978650078177452,
    0.0209919735789299,
    0.02085898444056511,
    0.020686550065875053,
    0.020667443051934242,
    0.020649639889597893,
    0.020674793049693108,
    0.02056654915213585,
    0.0206033606082201,
    0.02074011228978634,
    0.020586136728525162,
    0.020598409697413445,
    0.020747719332575798,
    0.020494170486927032,
    0.02036692202091217,
    0.02036924846470356,
    0.020213736221194267,
    0.020392749458551407,
    0.02023090422153473,
    0.020492924377322197,
    0.020394105464220047,
    0.020237937569618225,
    0.020390868186950684,
    0.020381858572363853,
    0.020239343866705894,
    0.020444296300411224,
    0.020371675491333008,
    0.020296495407819748,
    0.020208340138196945,
    0.020366353914141655,
    0.020216314122080803,
    0.020426305010914803,
    0.020265808328986168,
    0.020129196345806122,
    0.02043524943292141
  ],